country,year,population,gdp_usd,total_electricity_generation_twh,electricity_demand_twh,renewables_electricity_twh,solar_electricity_twh,wind_electricity_twh,carbon_intensity_gco2_kwh,renewables_share_pct,fossil_share_pct,solar_share_pct,wind_share_pct,low_carbon_share_pct,co2_saved_solar_wind_mt
United States,2000,251250000,6850000000000,1912.68,1875.18,248.46,74.54,74.54,468.0,13.25,67.5,3.97,3.97,18.25,124.23
United States,2001,254600000,7672000000000,1975.48,1936.75,263.4,79.02,79.02,464.0,13.6,67.2,4.08,4.08,18.6,131.7
United States,2002,257950000,8494000000000,2038.29,1998.32,278.77,83.63,83.63,460.0,13.95,66.9,4.19,4.19,18.95,139.38
United States,2003,261300000,9316000000000,2101.09,2059.9,294.56,88.37,88.37,456.0,14.3,66.6,4.29,4.29,19.3,147.28
United States,2004,264650000,10138000000000,2163.9,2121.47,310.8,93.24,93.24,452.0,14.65,66.3,4.39,4.39,19.65,155.4
United States,2005,268000000,10960000000000,2226.7,2183.04,327.46,98.24,98.24,448.0,15.0,66.0,4.5,4.5,20.0,163.73
United States,2006,271350000,11782000000000,2289.51,2244.61,344.55,103.36,103.36,444.0,15.35,65.7,4.61,4.61,20.35,172.27
United States,2007,274700000,12604000000000,2352.31,2306.19,362.07,108.62,108.62,440.0,15.7,65.4,4.71,4.71,20.7,181.04
United States,2008,278050000,13426000000000,2415.12,2367.76,380.03,114.01,114.01,436.0,16.05,65.1,4.82,4.82,21.05,190.01
United States,2009,281400000,14248000000000,2477.92,2429.33,398.41,119.52,119.52,432.0,16.4,64.8,4.92,4.92,21.4,199.21
United States,2010,284750000,15070000000000,2540.72,2490.91,417.23,125.17,125.17,428.0,16.75,64.5,5.02,5.02,21.75,208.61
United States,2011,288100000,15892000000000,2603.53,2552.48,436.47,130.94,130.94,424.0,17.1,64.2,5.13,5.13,22.1,218.24
United States,2012,291450000,16714000000000,2666.33,2614.05,456.15,136.85,136.85,420.0,17.45,63.9,5.23,5.23,22.45,228.08
United States,2013,294800000,17536000000000,2729.14,2675.62,476.26,142.88,142.88,416.0,17.8,63.6,5.34,5.34,22.8,238.13
United States,2014,298150000,18358000000000,2791.94,2737.2,496.8,149.04,149.04,412.0,18.15,63.3,5.44,5.44,23.15,248.4
United States,2015,301500000,19180000000000,2854.75,2798.77,517.77,155.33,155.33,408.0,18.5,63.0,5.55,5.55,23.5,258.89
United States,2016,304850000,20002000000000,2917.55,2860.34,539.17,161.75,161.75,404.0,18.85,62.7,5.66,5.66,23.85,269.59
United States,2017,308200000,20824000000000,2980.35,2921.92,561.01,168.3,168.3,400.0,19.2,62.4,5.76,5.76,24.2,280.5
United States,2018,311550000,21646000000000,3043.16,2983.49,583.27,174.98,174.98,396.0,19.55,62.1,5.87,5.87,24.55,291.64
United States,2019,314900000,22468000000000,3105.96,3045.06,605.97,181.79,181.79,392.0,19.9,61.8,5.97,5.97,24.9,302.98
United States,2020,318250000,23290000000000,3168.77,3106.64,629.09,188.73,188.73,388.0,20.25,61.5,6.08,6.08,25.25,314.55
United States,2021,321600000,24112000000000,3231.57,3168.21,652.65,195.8,195.8,384.0,20.6,61.2,6.18,6.18,25.6,326.33
United States,2022,324950000,24934000000000,3294.38,3229.78,676.64,202.99,202.99,380.0,20.95,60.9,6.28,6.28,25.95,338.32
United States,2023,328300000,25756000000000,3357.18,3291.35,701.06,210.32,210.32,376.0,21.3,60.6,6.39,6.39,26.3,350.53
United States,2024,331650000,26578000000000,3419.99,3352.93,725.91,217.77,217.77,372.0,21.65,60.3,6.49,6.49,26.65,362.95
United States,2025,335000000,27400000000000,3482.79,3414.5,751.19,225.36,225.36,368.0,22.0,60.0,6.6,6.6,27.0,375.59
Germany,2000,63000000,1125000000000,394.36,386.62,144.02,43.21,43.21,411.0,37.25,49.5,11.17,11.17,42.25,72.01
Germany,2001,63840000,1260000000000,407.3,399.32,150.14,45.04,45.04,407.0,37.6,49.2,11.28,11.28,42.6,75.07
Germany,2002,64680000,1395000000000,420.25,412.01,156.36,46.91,46.91,403.0,37.95,48.9,11.38,11.38,42.95,78.18
Germany,2003,65520000,1530000000000,433.2,424.71,162.66,48.8,48.8,399.0,38.3,48.6,11.49,11.49,43.3,81.33
Germany,2004,66360000,1665000000000,446.15,437.4,169.06,50.72,50.72,395.0,38.65,48.3,11.59,11.59,43.65,84.53
Germany,2005,67200000,1800000000000,459.1,450.1,175.54,52.66,52.66,391.0,39.0,48.0,11.7,11.7,44.0,87.77
Germany,2006,68040000,1935000000000,472.05,462.79,182.11,54.63,54.63,387.0,39.35,47.7,11.8,11.8,44.35,91.05
Germany,2007,68880000,2070000000000,485.0,475.49,188.77,56.63,56.63,383.0,39.7,47.4,11.91,11.91,44.7,94.38
Germany,2008,69720000,2205000000000,497.95,488.18,195.52,58.66,58.66,379.0,40.05,47.1,12.01,12.01,45.05,97.76
Germany,2009,70560000,2340000000000,510.9,500.88,202.35,60.71,60.71,375.0,40.4,46.8,12.12,12.12,45.4,101.18
Germany,2010,71400000,2475000000000,523.85,513.57,209.28,62.78,62.78,371.0,40.75,46.5,12.22,12.22,45.75,104.64
Germany,2011,72240000,2610000000000,536.79,526.27,216.3,64.89,64.89,367.0,41.1,46.2,12.33,12.33,46.1,108.15
Germany,2012,73080000,2745000000000,549.74,538.96,223.4,67.02,67.02,363.0,41.45,45.9,12.44,12.44,46.45,111.7
Germany,2013,73920000,2880000000000,562.69,551.66,230.59,69.18,69.18,359.0,41.8,45.6,12.54,12.54,46.8,115.3
Germany,2014,74760000,3015000000000,575.64,564.35,237.88,71.36,71.36,355.0,42.15,45.3,12.64,12.64,47.15,118.94
Germany,2015,75600000,3150000000000,588.59,577.05,245.25,73.57,73.57,351.0,42.5,45.0,12.75,12.75,47.5,122.62
Germany,2016,76440000,3285000000000,601.54,589.74,252.71,75.81,75.81,347.0,42.85,44.7,12.86,12.86,47.85,126.35
Germany,2017,77280000,3420000000000,614.49,602.44,260.25,78.08,78.08,343.0,43.2,44.4,12.96,12.96,48.2,130.13
Germany,2018,78120000,3555000000000,627.44,615.13,267.89,80.37,80.37,339.0,43.55,44.1,13.06,13.06,48.55,133.95
Germany,2019,78960000,3690000000000,640.39,627.83,275.62,82.69,82.69,335.0,43.9,43.8,13.17,13.17,48.9,137.81
Germany,2020,79800000,3825000000000,653.34,640.52,283.43,85.03,85.03,331.0,44.25,43.5,13.28,13.28,49.25,141.72
Germany,2021,80640000,3960000000000,666.28,653.22,291.34,87.4,87.4,327.0,44.6,43.2,13.38,13.38,49.6,145.67
Germany,2022,81480000,4095000000000,679.23,665.91,299.33,89.8,89.8,323.0,44.95,42.9,13.49,13.49,49.95,149.66
Germany,2023,82320000,4230000000000,692.18,678.61,307.41,92.22,92.22,319.0,45.3,42.6,13.59,13.59,50.3,153.71
Germany,2024,83160000,4365000000000,705.13,691.3,315.58,94.67,94.67,315.0,45.65,42.3,13.69,13.69,50.65,157.79
Germany,2025,84000000,4500000000000,718.08,704.0,323.84,97.15,97.15,311.0,46.0,42.0,13.8,13.8,51.0,161.92
China,2000,1059000000,4425000000000,3589.53,3519.15,783.01,234.9,234.9,643.0,22.25,69.5,6.67,6.67,27.25,391.51
China,2001,1073120000,4956000000000,3707.4,3634.7,821.44,246.43,246.43,639.0,22.6,69.2,6.78,6.78,27.6,410.72
China,2002,1087240000,5487000000000,3825.26,3750.26,860.68,258.21,258.21,635.0,22.95,68.9,6.89,6.89,27.95,430.34
China,2003,1101360000,6018000000000,3943.13,3865.81,900.73,270.22,270.22,631.0,23.3,68.6,6.99,6.99,28.3,450.37
China,2004,1115480000,6549000000000,4060.99,3981.36,941.59,282.48,282.48,627.0,23.65,68.3,7.09,7.09,28.65,470.8
China,2005,1129600000,7080000000000,4178.86,4096.92,983.26,294.98,294.98,623.0,24.0,68.0,7.2,7.2,29.0,491.63
China,2006,1143720000,7611000000000,4296.72,4212.47,1025.74,307.72,307.72,619.0,24.35,67.7,7.3,7.3,29.35,512.87
China,2007,1157840000,8142000000000,4414.59,4328.03,1069.02,320.71,320.71,615.0,24.7,67.4,7.41,7.41,29.7,534.51
China,2008,1171960000,8673000000000,4532.45,4443.58,1113.12,333.94,333.94,611.0,25.05,67.1,7.51,7.51,30.05,556.56
China,2009,1186080000,9204000000000,4650.32,4559.13,1158.02,347.41,347.41,607.0,25.4,66.8,7.62,7.62,30.4,579.01
China,2010,1200200000,9735000000000,4768.18,4674.69,1203.73,361.12,361.12,603.0,25.75,66.5,7.72,7.72,30.75,601.87
China,2011,1214320000,10266000000000,4886.05,4790.24,1250.25,375.08,375.08,599.0,26.1,66.2,7.83,7.83,31.1,625.13
China,2012,1228440000,10797000000000,5003.91,4905.8,1297.58,389.27,389.27,595.0,26.45,65.9,7.93,7.93,31.45,648.79
China,2013,1242560000,11328000000000,5121.78,5021.35,1345.72,403.72,403.72,591.0,26.8,65.6,8.04,8.04,31.8,672.86
China,2014,1256680000,11859000000000,5239.64,5136.9,1394.67,418.4,418.4,587.0,27.15,65.3,8.14,8.14,32.15,697.33
China,2015,1270800000,12390000000000,5357.51,5252.46,1444.43,433.33,433.33,583.0,27.5,65.0,8.25,8.25,32.5,722.21
China,2016,1284920000,12921000000000,5475.37,5368.01,1494.99,448.5,448.5,579.0,27.85,64.7,8.36,8.36,32.85,747.5
China,2017,1299040000,13452000000000,5593.24,5483.57,1546.37,463.91,463.91,575.0,28.2,64.4,8.46,8.46,33.2,773.18
China,2018,1313160000,13983000000000,5711.1,5599.12,1598.55,479.56,479.56,571.0,28.55,64.1,8.56,8.56,33.55,799.27
China,2019,1327280000,14514000000000,5828.97,5714.68,1651.54,495.46,495.46,567.0,28.9,63.8,8.67,8.67,33.9,825.77
China,2020,1341400000,15045000000000,5946.83,5830.23,1705.34,511.6,511.6,563.0,29.25,63.5,8.78,8.78,34.25,852.67
China,2021,1355520000,15576000000000,6064.7,5945.78,1759.95,527.99,527.99,559.0,29.6,63.2,8.88,8.88,34.6,879.98
China,2022,1369640000,16107000000000,6182.56,6061.34,1815.37,544.61,544.61,555.0,29.95,62.9,8.98,8.98,34.95,907.69
China,2023,1383760000,16638000000000,6300.43,6176.89,1871.6,561.48,561.48,551.0,30.3,62.6,9.09,9.09,35.3,935.8
China,2024,1397880000,17169000000000,6418.29,6292.45,1928.63,578.59,578.59,547.0,30.65,62.3,9.19,9.19,35.65,964.32
China,2025,1412000000,17700000000000,6536.16,6408.0,1986.48,595.94,595.94,543.0,31.0,62.0,9.3,9.3,36.0,993.24
India,2000,1071000000,925000000000,2993.52,2934.82,418.21,125.46,125.46,732.0,14.25,80.5,4.27,4.27,19.25,209.11
India,2001,1085280000,1036000000000,3091.81,3031.19,442.55,132.77,132.77,728.0,14.6,80.2,4.38,4.38,19.6,221.28
India,2002,1099560000,1147000000000,3190.11,3127.55,467.57,140.27,140.27,724.0,14.95,79.9,4.49,4.49,19.95,233.78
India,2003,1113840000,1258000000000,3288.4,3223.92,493.26,147.98,147.98,720.0,15.3,79.6,4.59,4.59,20.3,246.63
India,2004,1128120000,1369000000000,3386.69,3320.29,519.63,155.89,155.89,716.0,15.65,79.3,4.7,4.7,20.65,259.81
India,2005,1142400000,1480000000000,3484.99,3416.66,546.66,164.0,164.0,712.0,16.0,79.0,4.8,4.8,21.0,273.33
India,2006,1156680000,1591000000000,3583.28,3513.02,574.38,172.31,172.31,708.0,16.35,78.7,4.91,4.91,21.35,287.19
India,2007,1170960000,1702000000000,3681.58,3609.39,602.77,180.83,180.83,704.0,16.7,78.4,5.01,5.01,21.7,301.38
India,2008,1185240000,1813000000000,3779.87,3705.76,631.83,189.55,189.55,700.0,17.05,78.1,5.12,5.12,22.05,315.92
India,2009,1199520000,1924000000000,3878.17,3802.12,661.57,198.47,198.47,696.0,17.4,77.8,5.22,5.22,22.4,330.78
India,2010,1213800000,2035000000000,3976.46,3898.49,691.98,207.59,207.59,692.0,17.75,77.5,5.33,5.33,22.75,345.99
India,2011,1228080000,2146000000000,4074.76,3994.86,723.07,216.92,216.92,688.0,18.1,77.2,5.43,5.43,23.1,361.53
India,2012,1242360000,2257000000000,4173.05,4091.23,754.83,226.45,226.45,684.0,18.45,76.9,5.53,5.53,23.45,377.42
India,2013,1256640000,2368000000000,4271.35,4187.59,787.27,236.18,236.18,680.0,18.8,76.6,5.64,5.64,23.8,393.63
India,2014,1270920000,2479000000000,4369.64,4283.96,820.38,246.11,246.11,676.0,19.15,76.3,5.74,5.74,24.15,410.19
India,2015,1285200000,2590000000000,4467.93,4380.33,854.16,256.25,256.25,672.0,19.5,76.0,5.85,5.85,24.5,427.08
India,2016,1299480000,2701000000000,4566.23,4476.7,888.62,266.59,266.59,668.0,19.85,75.7,5.96,5.96,24.85,444.31
India,2017,1313760000,2812000000000,4664.52,4573.06,923.76,277.13,277.13,664.0,20.2,75.4,6.06,6.06,25.2,461.88
India,2018,1328040000,2923000000000,4762.82,4669.43,959.57,287.87,287.87,660.0,20.55,75.1,6.17,6.17,25.55,479.78
India,2019,1342320000,3034000000000,4861.11,4765.8,996.05,298.82,298.82,656.0,20.9,74.8,6.27,6.27,25.9,498.03
India,2020,1356600000,3145000000000,4959.41,4862.16,1033.21,309.96,309.96,652.0,21.25,74.5,6.38,6.38,26.25,516.6
India,2021,1370880000,3256000000000,5057.7,4958.53,1071.04,321.31,321.31,648.0,21.6,74.2,6.48,6.48,26.6,535.52
India,2022,1385160000,3367000000000,5156.0,5054.9,1109.55,332.87,332.87,644.0,21.95,73.9,6.58,6.58,26.95,554.78
India,2023,1399440000,3478000000000,5254.29,5151.27,1148.73,344.62,344.62,640.0,22.3,73.6,6.69,6.69,27.3,574.37
India,2024,1413720000,3589000000000,5352.59,5247.63,1188.59,356.58,356.58,636.0,22.65,73.3,6.79,6.79,27.65,594.29
India,2025,1428000000,3700000000000,5450.88,5344.0,1229.12,368.74,368.74,632.0,23.0,73.0,6.9,6.9,28.0,614.56
Brazil,2000,162000000,525000000000,545.6,534.9,391.82,117.54,117.54,196.0,73.25,23.5,21.97,21.97,78.25,195.91
Brazil,2001,164160000,588000000000,563.51,552.47,406.61,121.98,121.98,192.0,73.6,23.2,22.08,22.08,78.6,203.31
Brazil,2002,166320000,651000000000,581.43,570.03,421.54,126.46,126.46,188.0,73.95,22.9,22.18,22.18,78.95,210.77
Brazil,2003,168480000,714000000000,599.35,587.59,436.58,130.97,130.97,184.0,74.3,22.6,22.29,22.29,79.3,218.29
Brazil,2004,170640000,777000000000,617.26,605.16,451.75,135.52,135.52,180.0,74.65,22.3,22.39,22.39,79.65,225.87
Brazil,2005,172800000,840000000000,635.18,622.72,467.04,140.11,140.11,176.0,75.0,22.0,22.5,22.5,80.0,233.52
Brazil,2006,174960000,903000000000,653.09,640.29,482.45,144.74,144.74,172.0,75.35,21.7,22.6,22.6,80.35,241.23
Brazil,2007,177120000,966000000000,671.01,657.85,497.99,149.4,149.4,168.0,75.7,21.4,22.71,22.71,80.7,249.0
Brazil,2008,179280000,1029000000000,688.92,675.41,513.65,154.1,154.1,164.0,76.05,21.1,22.81,22.81,81.05,256.83
Brazil,2009,181440000,1092000000000,706.84,692.98,529.43,158.83,158.83,160.0,76.4,20.8,22.92,22.92,81.4,264.72
Brazil,2010,183600000,1155000000000,724.75,710.54,545.34,163.6,163.6,156.0,76.75,20.5,23.02,23.02,81.75,272.67
Brazil,2011,185760000,1218000000000,742.67,728.1,561.37,168.41,168.41,152.0,77.1,20.2,23.13,23.13,82.1,280.68
Brazil,2012,187920000,1281000000000,760.58,745.67,577.52,173.26,173.26,148.0,77.45,19.9,23.23,23.23,82.45,288.76
Brazil,2013,190080000,1344000000000,778.5,763.23,593.8,178.14,178.14,144.0,77.8,19.6,23.34,23.34,82.8,296.9
Brazil,2014,192240000,1407000000000,796.41,780.8,610.19,183.06,183.06,140.0,78.15,19.3,23.45,23.45,83.15,305.1
Brazil,2015,194400000,1470000000000,814.33,798.36,626.71,188.01,188.01,136.0,78.5,19.0,23.55,23.55,83.5,313.36
Brazil,2016,196560000,1533000000000,832.24,815.92,643.36,193.01,193.01,132.0,78.85,18.7,23.65,23.65,83.85,321.68
Brazil,2017,198720000,1596000000000,850.16,833.49,660.12,198.04,198.04,128.0,79.2,18.4,23.76,23.76,84.2,330.06
Brazil,2018,200880000,1659000000000,868.07,851.05,677.01,203.1,203.1,124.0,79.55,18.1,23.86,23.86,84.55,338.51
Brazil,2019,203040000,1722000000000,885.99,868.62,694.02,208.21,208.21,120.0,79.9,17.8,23.97,23.97,84.9,347.01
Brazil,2020,205200000,1785000000000,903.9,886.18,711.16,213.35,213.35,116.0,80.25,17.5,24.07,24.07,85.25,355.58
Brazil,2021,207360000,1848000000000,921.82,903.74,728.42,218.53,218.53,112.0,80.6,17.2,24.18,24.18,85.6,364.21
Brazil,2022,209520000,1911000000000,939.73,921.31,745.8,223.74,223.74,108.0,80.95,16.9,24.29,24.29,85.95,372.9
Brazil,2023,211680000,1974000000000,957.65,938.87,763.3,228.99,228.99,104.0,81.3,16.6,24.39,24.39,86.3,381.65
Brazil,2024,213840000,2037000000000,975.56,956.44,780.93,234.28,234.28,100.0,81.65,16.3,24.5,24.5,86.65,390.47
Brazil,2025,216000000,2100000000000,993.48,974.0,798.68,239.6,239.6,96.0,82.0,16.0,24.6,24.6,87.0,399.34
Norway,2000,4125000,125000000000,61.2,60.0,53.55,16.06,16.06,126.0,89.25,9.5,26.77,26.77,94.25,26.77
Norway,2001,4180000,140000000000,63.21,61.97,55.52,16.66,16.66,122.0,89.6,9.2,26.88,26.88,94.6,27.76
Norway,2002,4235000,155000000000,65.22,63.94,57.51,17.25,17.25,118.0,89.95,8.9,26.98,26.98,94.95,28.76
Norway,2003,4290000,170000000000,67.23,65.91,59.52,17.85,17.85,114.0,90.3,8.6,27.09,27.09,95.3,29.76
Norway,2004,4345000,185000000000,69.24,67.88,61.53,18.46,18.46,110.0,90.65,8.3,27.2,27.2,95.65,30.77
Norway,2005,4400000,200000000000,71.25,69.85,63.56,19.07,19.07,106.0,91.0,8.0,27.3,27.3,96.0,31.78
Norway,2006,4455000,215000000000,73.25,71.82,65.61,19.68,19.68,102.0,91.35,7.7,27.4,27.4,96.35,32.8
Norway,2007,4510000,230000000000,75.26,73.79,67.66,20.3,20.3,98.0,91.7,7.4,27.51,27.51,96.7,33.83
Norway,2008,4565000,245000000000,77.27,75.76,69.74,20.92,20.92,94.0,92.05,7.1,27.61,27.61,97.05,34.87
Norway,2009,4620000,260000000000,79.28,77.73,71.82,21.55,21.55,90.0,92.4,6.8,27.72,27.72,97.4,35.91
Norway,2010,4675000,275000000000,81.29,79.7,73.92,22.18,22.18,86.0,92.75,6.5,27.82,27.82,97.75,36.96
Norway,2011,4730000,290000000000,83.3,81.67,76.03,22.81,22.81,82.0,93.1,6.2,27.93,27.93,98.1,38.02
Norway,2012,4785000,305000000000,85.31,83.64,78.16,23.45,23.45,78.0,93.45,5.9,28.04,28.04,98.45,39.08
Norway,2013,4840000,320000000000,87.32,85.61,80.3,24.09,24.09,74.0,93.8,5.6,28.14,28.14,98.8,40.15
Norway,2014,4895000,335000000000,89.33,87.58,82.46,24.74,24.74,70.0,94.15,5.3,28.25,28.25,99.0,41.23
Norway,2015,4950000,350000000000,91.34,89.55,84.62,25.39,25.39,66.0,94.5,5.0,28.35,28.35,99.0,42.31
Norway,2016,5005000,365000000000,93.35,91.52,86.81,26.04,26.04,62.0,94.85,4.7,28.45,28.45,99.0,43.4
Norway,2017,5060000,380000000000,95.36,93.49,89.0,26.7,26.7,58.0,95.2,4.4,28.56,28.56,99.0,44.5
Norway,2018,5115000,395000000000,97.37,95.46,91.21,27.36,27.36,54.0,95.55,4.1,28.66,28.66,99.0,45.61
Norway,2019,5170000,410000000000,99.38,97.43,93.43,28.03,28.03,50.0,95.9,3.8,28.77,28.77,99.0,46.72
Norway,2020,5225000,425000000000,101.39,99.4,95.67,28.7,28.7,46.0,96.25,3.5,28.88,28.88,99.0,47.84
Norway,2021,5280000,440000000000,103.4,101.37,97.92,29.38,29.38,42.0,96.6,3.2,28.98,28.98,99.0,48.96
Norway,2022,5335000,455000000000,105.41,103.34,100.19,30.06,30.06,38.0,96.95,2.9,29.09,29.09,99.0,50.09
Norway,2023,5390000,470000000000,107.42,105.31,102.47,30.74,30.74,34.0,97.3,2.6,29.19,29.19,99.0,51.23
Norway,2024,5445000,485000000000,109.43,107.28,104.76,31.43,31.43,30.0,97.65,2.3,29.3,29.3,99.0,52.38
Norway,2025,5500000,500000000000,111.44,109.25,107.06,32.12,32.12,26.0,98.0,2.0,29.4,29.4,99.0,53.53
France,2000,51000000,750000000000,295.77,289.97,52.92,15.88,15.88,155.0,18.25,15.5,5.47,5.47,23.25,26.46
France,2001,51680000,840000000000,305.48,299.49,55.7,16.71,16.71,151.0,18.6,15.2,5.58,5.58,23.6,27.85
France,2002,52360000,930000000000,315.19,309.01,58.56,17.57,17.57,147.0,18.95,14.9,5.69,5.69,23.95,29.28
France,2003,53040000,1020000000000,324.9,318.53,61.48,18.44,18.44,143.0,19.3,14.6,5.79,5.79,24.3,30.74
France,2004,53720000,1110000000000,334.61,328.05,64.46,19.34,19.34,139.0,19.65,14.3,5.89,5.89,24.65,32.23
France,2005,54400000,1200000000000,344.33,337.57,67.51,20.25,20.25,135.0,20.0,14.0,6.0,6.0,25.0,33.76
France,2006,55080000,1290000000000,354.04,347.1,70.63,21.19,21.19,131.0,20.35,13.7,6.11,6.11,25.35,35.32
France,2007,55760000,1380000000000,363.75,356.62,73.82,22.15,22.15,127.0,20.7,13.4,6.21,6.21,25.7,36.91
France,2008,56440000,1470000000000,373.46,366.14,77.07,23.12,23.12,123.0,21.05,13.1,6.32,6.32,26.05,38.54
France,2009,57120000,1560000000000,383.17,375.66,80.39,24.12,24.12,119.0,21.4,12.8,6.42,6.42,26.4,40.2
France,2010,57800000,1650000000000,392.88,385.18,83.78,25.13,25.13,115.0,21.75,12.5,6.52,6.52,26.75,41.89
France,2011,58480000,1740000000000,402.6,394.7,87.23,26.17,26.17,111.0,22.1,12.2,6.63,6.63,27.1,43.61
France,2012,59160000,1830000000000,412.31,404.22,90.75,27.22,27.22,107.0,22.45,11.9,6.73,6.73,27.45,45.37
France,2013,59840000,1920000000000,422.02,413.74,94.33,28.3,28.3,103.0,22.8,11.6,6.84,6.84,27.8,47.17
France,2014,60520000,2010000000000,431.73,423.27,97.99,29.4,29.4,99.0,23.15,11.3,6.94,6.94,28.15,48.99
France,2015,61200000,2100000000000,441.44,432.79,101.7,30.51,30.51,95.0,23.5,11.0,7.05,7.05,28.5,50.85
France,2016,61880000,2190000000000,451.15,442.31,105.49,31.65,31.65,91.0,23.85,10.7,7.16,7.16,28.85,52.75
France,2017,62560000,2280000000000,460.87,451.83,109.34,32.8,32.8,87.0,24.2,10.4,7.26,7.26,29.2,54.67
France,2018,63240000,2370000000000,470.58,461.35,113.26,33.98,33.98,83.0,24.55,10.1,7.37,7.37,29.55,56.63
France,2019,63920000,2460000000000,480.29,470.87,117.25,35.17,35.17,79.0,24.9,9.8,7.47,7.47,29.9,58.62
France,2020,64600000,2550000000000,490.0,480.39,121.3,36.39,36.39,75.0,25.25,9.5,7.57,7.57,30.25,60.65
France,2021,65280000,2640000000000,499.71,489.91,125.42,37.63,37.63,71.0,25.6,9.2,7.68,7.68,30.6,62.71
France,2022,65960000,2730000000000,509.42,499.44,129.6,38.88,38.88,67.0,25.95,8.9,7.78,7.78,30.95,64.8
France,2023,66640000,2820000000000,519.14,508.96,133.86,40.16,40.16,63.0,26.3,8.6,7.89,7.89,31.3,66.93
France,2024,67320000,2910000000000,528.85,518.48,138.17,41.45,41.45,59.0,26.65,8.3,7.99,7.99,31.65,69.09
France,2025,68000000,3000000000000,538.56,528.0,142.56,42.77,42.77,55.0,27.0,8.0,8.1,8.1,32.0,71.28
United Kingdom,2000,50250000,825000000000,307.25,301.23,103.17,30.95,30.95,338.0,34.25,47.5,10.28,10.28,39.25,51.58
United Kingdom,2001,50920000,924000000000,317.34,311.12,107.65,32.29,32.29,334.0,34.6,47.2,10.38,10.38,39.6,53.82
United Kingdom,2002,51590000,1023000000000,327.43,321.01,112.19,33.66,33.66,330.0,34.95,46.9,10.49,10.49,39.95,56.1
United Kingdom,2003,52260000,1122000000000,337.52,330.9,116.81,35.04,35.04,326.0,35.3,46.6,10.59,10.59,40.3,58.4
United Kingdom,2004,52930000,1221000000000,347.61,340.79,121.49,36.45,36.45,322.0,35.65,46.3,10.69,10.69,40.65,60.75
United Kingdom,2005,53600000,1320000000000,357.69,350.68,126.24,37.87,37.87,318.0,36.0,46.0,10.8,10.8,41.0,63.12
United Kingdom,2006,54270000,1419000000000,367.78,360.57,131.07,39.32,39.32,314.0,36.35,45.7,10.9,10.9,41.35,65.53
United Kingdom,2007,54940000,1518000000000,377.87,370.46,135.96,40.79,40.79,310.0,36.7,45.4,11.01,11.01,41.7,67.98
United Kingdom,2008,55610000,1617000000000,387.96,380.35,140.92,42.28,42.28,306.0,37.05,45.1,11.11,11.11,42.05,70.46
United Kingdom,2009,56280000,1716000000000,398.05,390.24,145.95,43.79,43.79,302.0,37.4,44.8,11.22,11.22,42.4,72.98
United Kingdom,2010,56950000,1815000000000,408.14,400.14,151.05,45.32,45.32,298.0,37.75,44.5,11.32,11.32,42.75,75.53
United Kingdom,2011,57620000,1914000000000,418.23,410.03,156.22,46.87,46.87,294.0,38.1,44.2,11.43,11.43,43.1,78.11
United Kingdom,2012,58290000,2013000000000,428.32,419.92,161.46,48.44,48.44,290.0,38.45,43.9,11.54,11.54,43.45,80.73
United Kingdom,2013,58960000,2112000000000,438.4,429.81,166.77,50.03,50.03,286.0,38.8,43.6,11.64,11.64,43.8,83.38
United Kingdom,2014,59630000,2211000000000,448.49,439.7,172.14,51.64,51.64,282.0,39.15,43.3,11.74,11.74,44.15,86.07
United Kingdom,2015,60300000,2310000000000,458.58,449.59,177.59,53.28,53.28,278.0,39.5,43.0,11.85,11.85,44.5,88.79
United Kingdom,2016,60970000,2409000000000,468.67,459.48,183.1,54.93,54.93,274.0,39.85,42.7,11.96,11.96,44.85,91.55
United Kingdom,2017,61640000,2508000000000,478.76,469.37,188.69,56.61,56.61,270.0,40.2,42.4,12.06,12.06,45.2,94.34
United Kingdom,2018,62310000,2607000000000,488.85,479.26,194.34,58.3,58.3,266.0,40.55,42.1,12.16,12.16,45.55,97.17
United Kingdom,2019,62980000,2706000000000,498.94,489.15,200.06,60.02,60.02,262.0,40.9,41.8,12.27,12.27,45.9,100.03
United Kingdom,2020,63650000,2805000000000,509.03,499.05,205.86,61.76,61.76,258.0,41.25,41.5,12.38,12.38,46.25,102.93
United Kingdom,2021,64320000,2904000000000,519.11,508.94,211.72,63.52,63.52,254.0,41.6,41.2,12.48,12.48,46.6,105.86
United Kingdom,2022,64990000,3003000000000,529.2,518.83,217.65,65.29,65.29,250.0,41.95,40.9,12.59,12.59,46.95,108.82
United Kingdom,2023,65660000,3102000000000,539.29,528.72,223.65,67.09,67.09,246.0,42.3,40.6,12.69,12.69,47.3,111.82
United Kingdom,2024,66330000,3201000000000,549.38,538.61,229.72,68.92,68.92,242.0,42.65,40.3,12.79,12.79,47.65,114.86
United Kingdom,2025,67000000,3300000000000,559.47,548.5,235.85,70.76,70.76,238.0,43.0,40.0,12.9,12.9,48.0,117.93
Japan,2000,93750000,1050000000000,461.3,452.25,59.92,17.98,17.98,594.0,13.25,78.5,3.97,3.97,18.25,29.96
Japan,2001,95000000,1176000000000,476.44,467.1,63.53,19.06,19.06,590.0,13.6,78.2,4.08,4.08,18.6,31.76
Japan,2002,96250000,1302000000000,491.59,481.95,67.23,20.17,20.17,586.0,13.95,77.9,4.19,4.19,18.95,33.62
Japan,2003,97500000,1428000000000,506.74,496.8,71.04,21.31,21.31,582.0,14.3,77.6,4.29,4.29,19.3,35.52
Japan,2004,98750000,1554000000000,521.88,511.65,74.96,22.49,22.49,578.0,14.65,77.3,4.39,4.39,19.65,37.48
Japan,2005,100000000,1680000000000,537.03,526.5,78.97,23.69,23.69,574.0,15.0,77.0,4.5,4.5,20.0,39.49
Japan,2006,101250000,1806000000000,552.18,541.35,83.1,24.93,24.93,570.0,15.35,76.7,4.61,4.61,20.35,41.55
Japan,2007,102500000,1932000000000,567.32,556.2,87.32,26.2,26.2,566.0,15.7,76.4,4.71,4.71,20.7,43.66
Japan,2008,103750000,2058000000000,582.47,571.05,91.65,27.5,27.5,562.0,16.05,76.1,4.82,4.82,21.05,45.83
Japan,2009,105000000,2184000000000,597.62,585.9,96.09,28.83,28.83,558.0,16.4,75.8,4.92,4.92,21.4,48.04
Japan,2010,106250000,2310000000000,612.76,600.75,100.63,30.19,30.19,554.0,16.75,75.5,5.02,5.02,21.75,50.31
Japan,2011,107500000,2436000000000,627.91,615.6,105.27,31.58,31.58,550.0,17.1,75.2,5.13,5.13,22.1,52.63
Japan,2012,108750000,2562000000000,643.06,630.45,110.01,33.0,33.0,546.0,17.45,74.9,5.23,5.23,22.45,55.01
Japan,2013,110000000,2688000000000,658.21,645.3,114.86,34.46,34.46,542.0,17.8,74.6,5.34,5.34,22.8,57.43
Japan,2014,111250000,2814000000000,673.35,660.15,119.82,35.95,35.95,538.0,18.15,74.3,5.44,5.44,23.15,59.91
Japan,2015,112500000,2940000000000,688.5,675.0,124.88,37.46,37.46,534.0,18.5,74.0,5.55,5.55,23.5,62.44
Japan,2016,113750000,3066000000000,703.65,689.85,130.04,39.01,39.01,530.0,18.85,73.7,5.66,5.66,23.85,65.02
Japan,2017,115000000,3192000000000,718.79,704.7,135.3,40.59,40.59,526.0,19.2,73.4,5.76,5.76,24.2,67.65
Japan,2018,116250000,3318000000000,733.94,719.55,140.67,42.2,42.2,522.0,19.55,73.1,5.87,5.87,24.55,70.34
Japan,2019,117500000,3444000000000,749.09,734.4,146.15,43.84,43.84,518.0,19.9,72.8,5.97,5.97,24.9,73.07
Japan,2020,118750000,3570000000000,764.24,749.25,151.72,45.52,45.52,514.0,20.25,72.5,6.08,6.08,25.25,75.86
Japan,2021,120000000,3696000000000,779.38,764.1,157.4,47.22,47.22,510.0,20.6,72.2,6.18,6.18,25.6,78.7
Japan,2022,121250000,3822000000000,794.53,778.95,163.19,48.96,48.96,506.0,20.95,71.9,6.28,6.28,25.95,81.6
Japan,2023,122500000,3948000000000,809.68,793.8,169.08,50.72,50.72,502.0,21.3,71.6,6.39,6.39,26.3,84.54
Japan,2024,123750000,4074000000000,824.82,808.65,175.07,52.52,52.52,498.0,21.65,71.3,6.49,6.49,26.65,87.54
Japan,2025,125000000,4200000000000,839.97,823.5,181.17,54.35,54.35,494.0,22.0,71.0,6.6,6.6,27.0,90.58
Australia,2000,19500000,425000000000,155.17,152.12,35.37,10.61,10.61,649.0,23.25,73.5,6.97,6.97,28.25,17.68
Australia,2001,19760000,476000000000,160.26,157.12,37.08,11.12,11.12,645.0,23.6,73.2,7.08,7.08,28.6,18.54
Australia,2002,20020000,527000000000,165.36,162.11,38.83,11.65,11.65,641.0,23.95,72.9,7.19,7.19,28.95,19.41
Australia,2003,20280000,578000000000,170.45,167.11,40.61,12.18,12.18,637.0,24.3,72.6,7.29,7.29,29.3,20.3
Australia,2004,20540000,629000000000,175.55,172.1,42.42,12.73,12.73,633.0,24.65,72.3,7.39,7.39,29.65,21.21
Australia,2005,20800000,680000000000,180.64,177.1,44.27,13.28,13.28,629.0,25.0,72.0,7.5,7.5,30.0,22.14
Australia,2006,21060000,731000000000,185.74,182.09,46.16,13.85,13.85,625.0,25.35,71.7,7.61,7.61,30.35,23.08
Australia,2007,21320000,782000000000,190.83,187.09,48.08,14.42,14.42,621.0,25.7,71.4,7.71,7.71,30.7,24.04
Australia,2008,21580000,833000000000,195.93,192.08,50.04,15.01,15.01,617.0,26.05,71.1,7.81,7.81,31.05,25.02
Australia,2009,21840000,884000000000,201.02,197.08,52.03,15.61,15.61,613.0,26.4,70.8,7.92,7.92,31.4,26.01
Australia,2010,22100000,935000000000,206.12,202.07,54.05,16.22,16.22,609.0,26.75,70.5,8.03,8.03,31.75,27.03
Australia,2011,22360000,986000000000,211.21,207.07,56.12,16.83,16.83,605.0,27.1,70.2,8.13,8.13,32.1,28.06
Australia,2012,22620000,1037000000000,216.31,212.06,58.21,17.46,17.46,601.0,27.45,69.9,8.23,8.23,32.45,29.11
Australia,2013,22880000,1088000000000,221.4,217.06,60.34,18.1,18.1,597.0,27.8,69.6,8.34,8.34,32.8,30.17
Australia,2014,23140000,1139000000000,226.5,222.05,62.51,18.75,18.75,593.0,28.15,69.3,8.44,8.44,33.15,31.25
Australia,2015,23400000,1190000000000,231.59,227.05,64.71,19.41,19.41,589.0,28.5,69.0,8.55,8.55,33.5,32.35
Australia,2016,23660000,1241000000000,236.69,232.04,66.94,20.08,20.08,585.0,28.85,68.7,8.65,8.65,33.85,33.47
Australia,2017,23920000,1292000000000,241.78,237.04,69.22,20.76,20.76,581.0,29.2,68.4,8.76,8.76,34.2,34.61
Australia,2018,24180000,1343000000000,246.88,242.03,71.52,21.46,21.46,577.0,29.55,68.1,8.87,8.87,34.55,35.76
Australia,2019,24440000,1394000000000,251.97,247.03,73.86,22.16,22.16,573.0,29.9,67.8,8.97,8.97,34.9,36.93
Australia,2020,24700000,1445000000000,257.07,252.02,76.24,22.87,22.87,569.0,30.25,67.5,9.07,9.07,35.25,38.12
Australia,2021,24960000,1496000000000,262.16,257.02,78.65,23.59,23.59,565.0,30.6,67.2,9.18,9.18,35.6,39.32
Australia,2022,25220000,1547000000000,267.26,262.01,81.09,24.33,24.33,561.0,30.95,66.9,9.29,9.29,35.95,40.55
Australia,2023,25480000,1598000000000,272.35,267.01,83.57,25.07,25.07,557.0,31.3,66.6,9.39,9.39,36.3,41.79
Australia,2024,25740000,1649000000000,277.45,272.0,86.09,25.83,25.83,553.0,31.65,66.3,9.49,9.49,36.65,43.04
Australia,2025,26000000,1700000000000,282.54,277.0,88.64,26.59,26.59,549.0,32.0,66.0,9.6,9.6,37.0,44.32
Canada,2000,30000000,525000000000,200.54,196.61,116.49,34.95,34.95,228.0,59.25,26.5,17.77,17.77,64.25,58.24
Canada,2001,30400000,588000000000,207.12,203.06,121.03,36.31,36.31,224.0,59.6,26.2,17.88,17.88,64.6,60.51
Canada,2002,30800000,651000000000,213.71,209.52,125.61,37.68,37.68,220.0,59.95,25.9,17.98,17.98,64.95,62.8
Canada,2003,31200000,714000000000,220.29,215.97,130.23,39.07,39.07,216.0,60.3,25.6,18.09,18.09,65.3,65.12
Canada,2004,31600000,777000000000,226.88,222.43,134.9,40.47,40.47,212.0,60.65,25.3,18.2,18.2,65.65,67.45
Canada,2005,32000000,840000000000,233.46,228.89,139.62,41.89,41.89,208.0,61.0,25.0,18.3,18.3,66.0,69.81
Canada,2006,32400000,903000000000,240.05,235.34,144.38,43.31,43.31,204.0,61.35,24.7,18.41,18.41,66.35,72.19
Canada,2007,32800000,966000000000,246.63,241.8,149.19,44.76,44.76,200.0,61.7,24.4,18.51,18.51,66.7,74.59
Canada,2008,33200000,1029000000000,253.22,248.25,154.04,46.21,46.21,196.0,62.05,24.1,18.61,18.61,67.05,77.02
Canada,2009,33600000,1092000000000,259.8,254.71,158.94,47.68,47.68,192.0,62.4,23.8,18.72,18.72,67.4,79.47
Canada,2010,34000000,1155000000000,266.39,261.16,163.88,49.16,49.16,188.0,62.75,23.5,18.82,18.82,67.75,81.94
Canada,2011,34400000,1218000000000,272.97,267.62,168.87,50.66,50.66,184.0,63.1,23.2,18.93,18.93,68.1,84.43
Canada,2012,34800000,1281000000000,279.56,274.08,173.9,52.17,52.17,180.0,63.45,22.9,19.04,19.04,68.45,86.95
Canada,2013,35200000,1344000000000,286.14,280.53,178.98,53.69,53.69,176.0,63.8,22.6,19.14,19.14,68.8,89.49
Canada,2014,35600000,1407000000000,292.73,286.99,184.1,55.23,55.23,172.0,64.15,22.3,19.25,19.25,69.15,92.05
Canada,2015,36000000,1470000000000,299.31,293.44,189.27,56.78,56.78,168.0,64.5,22.0,19.35,19.35,69.5,94.64
Canada,2016,36400000,1533000000000,305.9,299.9,194.48,58.35,58.35,164.0,64.85,21.7,19.45,19.45,69.85,97.24
Canada,2017,36800000,1596000000000,312.48,306.35,199.74,59.92,59.92,160.0,65.2,21.4,19.56,19.56,70.2,99.87
Canada,2018,37200000,1659000000000,319.07,312.81,205.05,61.51,61.51,156.0,65.55,21.1,19.66,19.66,70.55,102.52
Canada,2019,37600000,1722000000000,325.65,319.27,210.4,63.12,63.12,152.0,65.9,20.8,19.77,19.77,70.9,105.2
Canada,2020,38000000,1785000000000,332.24,325.72,215.79,64.74,64.74,148.0,66.25,20.5,19.88,19.88,71.25,107.9
Canada,2021,38400000,1848000000000,338.82,332.18,221.23,66.37,66.37,144.0,66.6,20.2,19.98,19.98,71.6,110.61
Canada,2022,38800000,1911000000000,345.41,338.63,226.71,68.01,68.01,140.0,66.95,19.9,20.09,20.09,71.95,113.36
Canada,2023,39200000,1974000000000,351.99,345.09,232.24,69.67,69.67,136.0,67.3,19.6,20.19,20.19,72.3,116.12
Canada,2024,39600000,2037000000000,358.58,351.54,237.82,71.35,71.35,132.0,67.65,19.3,20.3,20.3,72.65,118.91
Canada,2025,40000000,2100000000000,365.16,358.0,243.44,73.03,73.03,128.0,68.0,19.0,20.4,20.4,73.0,121.72
Spain,2000,36000000,400000000000,193.82,190.02,78.38,23.51,23.51,274.0,41.25,37.5,12.38,12.38,46.25,39.19
Spain,2001,36480000,448000000000,200.18,196.26,81.64,24.49,24.49,270.0,41.6,37.2,12.48,12.48,46.6,40.82
Spain,2002,36960000,496000000000,206.54,202.5,84.95,25.48,25.48,266.0,41.95,36.9,12.59,12.59,46.95,42.47
Spain,2003,37440000,544000000000,212.91,208.73,88.29,26.49,26.49,262.0,42.3,36.6,12.69,12.69,47.3,44.15
Spain,2004,37920000,592000000000,219.27,214.97,91.69,27.51,27.51,258.0,42.65,36.3,12.79,12.79,47.65,45.84
Spain,2005,38400000,640000000000,225.64,221.21,95.12,28.54,28.54,254.0,43.0,36.0,12.9,12.9,48.0,47.56
Spain,2006,38880000,688000000000,232.0,227.45,98.6,29.58,29.58,250.0,43.35,35.7,13.01,13.01,48.35,49.3
Spain,2007,39360000,736000000000,238.37,233.69,102.12,30.64,30.64,246.0,43.7,35.4,13.11,13.11,48.7,51.06
Spain,2008,39840000,784000000000,244.73,239.93,105.69,31.71,31.71,242.0,44.05,35.1,13.21,13.21,49.05,52.84
Spain,2009,40320000,832000000000,251.09,246.17,109.3,32.79,32.79,238.0,44.4,34.8,13.32,13.32,49.4,54.65
Spain,2010,40800000,880000000000,257.46,252.41,112.95,33.89,33.89,234.0,44.75,34.5,13.42,13.42,49.75,56.48
Spain,2011,41280000,928000000000,263.82,258.65,116.65,35.0,35.0,230.0,45.1,34.2,13.53,13.53,50.1,58.33
Spain,2012,41760000,976000000000,270.19,264.89,120.39,36.12,36.12,226.0,45.45,33.9,13.63,13.63,50.45,60.2
Spain,2013,42240000,1024000000000,276.55,271.13,124.18,37.25,37.25,222.0,45.8,33.6,13.74,13.74,50.8,62.09
Spain,2014,42720000,1072000000000,282.91,277.37,128.0,38.4,38.4,218.0,46.15,33.3,13.84,13.84,51.15,64.0
Spain,2015,43200000,1120000000000,289.28,283.61,131.88,39.56,39.56,214.0,46.5,33.0,13.95,13.95,51.5,65.94
Spain,2016,43680000,1168000000000,295.64,289.85,135.79,40.74,40.74,210.0,46.85,32.7,14.05,14.05,51.85,67.9
Spain,2017,44160000,1216000000000,302.01,296.09,139.75,41.93,41.93,206.0,47.2,32.4,14.16,14.16,52.2,69.88
Spain,2018,44640000,1264000000000,308.37,302.32,143.76,43.13,43.13,202.0,47.55,32.1,14.26,14.26,52.55,71.88
Spain,2019,45120000,1312000000000,314.74,308.56,147.8,44.34,44.34,198.0,47.9,31.8,14.37,14.37,52.9,73.9
Spain,2020,45600000,1360000000000,321.1,314.8,151.89,45.57,45.57,194.0,48.25,31.5,14.47,14.47,53.25,75.95
Spain,2021,46080000,1408000000000,327.46,321.04,156.03,46.81,46.81,190.0,48.6,31.2,14.58,14.58,53.6,78.01
Spain,2022,46560000,1456000000000,333.83,327.28,160.2,48.06,48.06,186.0,48.95,30.9,14.69,14.69,53.95,80.1
Spain,2023,47040000,1504000000000,340.19,333.52,164.43,49.33,49.33,182.0,49.3,30.6,14.79,14.79,54.3,82.21
Spain,2024,47520000,1552000000000,346.56,339.76,168.69,50.61,50.61,178.0,49.65,30.3,14.89,14.89,54.65,84.35
Spain,2025,48000000,1600000000000,352.92,346.0,173.0,51.9,51.9,174.0,50.0,30.0,15.0,15.0,55.0,86.5
Italy,2000,44250000,550000000000,242.27,237.52,76.6,22.98,22.98,359.0,32.25,62.5,9.67,9.67,37.25,38.3
Italy,2001,44840000,616000000000,250.23,245.32,79.97,23.99,23.99,355.0,32.6,62.2,9.78,9.78,37.6,39.99
Italy,2002,45430000,682000000000,258.18,253.12,83.4,25.02,25.02,351.0,32.95,61.9,9.88,9.88,37.95,41.7
Italy,2003,46020000,748000000000,266.14,260.92,86.89,26.07,26.07,347.0,33.3,61.6,9.99,9.99,38.3,43.44
Italy,2004,46610000,814000000000,274.09,268.72,90.42,27.13,27.13,343.0,33.65,61.3,10.09,10.09,38.65,45.21
Italy,2005,47200000,880000000000,282.05,276.52,94.02,28.2,28.2,339.0,34.0,61.0,10.2,10.2,39.0,47.01
Italy,2006,47790000,946000000000,290.0,284.32,97.66,29.3,29.3,335.0,34.35,60.7,10.3,10.3,39.35,48.83
Italy,2007,48380000,1012000000000,297.96,292.11,101.36,30.41,30.41,331.0,34.7,60.4,10.41,10.41,39.7,50.68
Italy,2008,48970000,1078000000000,305.91,299.91,105.12,31.54,31.54,327.0,35.05,60.1,10.51,10.51,40.05,52.56
Italy,2009,49560000,1144000000000,313.87,307.71,108.93,32.68,32.68,323.0,35.4,59.8,10.62,10.62,40.4,54.47
Italy,2010,50150000,1210000000000,321.82,315.51,112.8,33.84,33.84,319.0,35.75,59.5,10.72,10.72,40.75,56.4
Italy,2011,50740000,1276000000000,329.78,323.31,116.72,35.01,35.01,315.0,36.1,59.2,10.83,10.83,41.1,58.36
Italy,2012,51330000,1342000000000,337.73,331.11,120.69,36.21,36.21,311.0,36.45,58.9,10.94,10.94,41.45,60.34
Italy,2013,51920000,1408000000000,345.69,338.91,124.72,37.42,37.42,307.0,36.8,58.6,11.04,11.04,41.8,62.36
Italy,2014,52510000,1474000000000,353.64,346.71,128.8,38.64,38.64,303.0,37.15,58.3,11.14,11.14,42.15,64.4
Italy,2015,53100000,1540000000000,361.6,354.51,132.94,39.88,39.88,299.0,37.5,58.0,11.25,11.25,42.5,66.47
Italy,2016,53690000,1606000000000,369.55,362.31,137.13,41.14,41.14,295.0,37.85,57.7,11.36,11.36,42.85,68.57
Italy,2017,54280000,1672000000000,377.51,370.11,141.38,42.41,42.41,291.0,38.2,57.4,11.46,11.46,43.2,70.69
Italy,2018,54870000,1738000000000,385.46,377.91,145.68,43.7,43.7,287.0,38.55,57.1,11.56,11.56,43.55,72.84
Italy,2019,55460000,1804000000000,393.42,385.7,150.04,45.01,45.01,283.0,38.9,56.8,11.67,11.67,43.9,75.02
Italy,2020,56050000,1870000000000,401.37,393.5,154.45,46.34,46.34,279.0,39.25,56.5,11.78,11.78,44.25,77.23
Italy,2021,56640000,1936000000000,409.33,401.3,158.92,47.67,47.67,275.0,39.6,56.2,11.88,11.88,44.6,79.46
Italy,2022,57230000,2002000000000,417.28,409.1,163.44,49.03,49.03,271.0,39.95,55.9,11.99,11.99,44.95,81.72
Italy,2023,57820000,2068000000000,425.24,416.9,168.01,50.4,50.4,267.0,40.3,55.6,12.09,12.09,45.3,84.01
Italy,2024,58410000,2134000000000,433.19,424.7,172.64,51.79,51.79,263.0,40.65,55.3,12.19,12.19,45.65,86.32
Italy,2025,59000000,2200000000000,441.15,432.5,177.32,53.2,53.2,259.0,41.0,55.0,12.3,12.3,46.0,88.66
South Africa,2000,45000000,100000000000,163.57,160.36,5.21,1.56,1.56,807.0,3.25,93.5,0.97,0.97,8.25,2.61
South Africa,2001,45600000,112000000000,168.94,165.63,5.96,1.79,1.79,803.0,3.6,93.2,1.08,1.08,8.6,2.98
South Africa,2002,46200000,124000000000,174.31,170.89,6.75,2.03,2.03,799.0,3.95,92.9,1.19,1.19,8.95,3.38
South Africa,2003,46800000,136000000000,179.68,176.16,7.57,2.27,2.27,795.0,4.3,92.6,1.29,1.29,9.3,3.79
South Africa,2004,47400000,148000000000,185.05,181.42,8.44,2.53,2.53,791.0,4.65,92.3,1.4,1.4,9.65,4.22
South Africa,2005,48000000,160000000000,190.42,186.69,9.33,2.8,2.8,787.0,5.0,92.0,1.5,1.5,10.0,4.67
South Africa,2006,48600000,172000000000,195.79,191.95,10.27,3.08,3.08,783.0,5.35,91.7,1.61,1.61,10.35,5.13
South Africa,2007,49200000,184000000000,201.16,197.22,11.24,3.37,3.37,779.0,5.7,91.4,1.71,1.71,10.7,5.62
South Africa,2008,49800000,196000000000,206.53,202.49,12.25,3.68,3.68,775.0,6.05,91.1,1.82,1.82,11.05,6.13
South Africa,2009,50400000,208000000000,211.91,207.75,13.3,3.99,3.99,771.0,6.4,90.8,1.92,1.92,11.4,6.65
South Africa,2010,51000000,220000000000,217.28,213.02,14.38,4.31,4.31,767.0,6.75,90.5,2.02,2.02,11.75,7.19
South Africa,2011,51600000,232000000000,222.65,218.28,15.5,4.65,4.65,763.0,7.1,90.2,2.13,2.13,12.1,7.75
South Africa,2012,52200000,244000000000,228.02,223.55,16.65,5.0,5.0,759.0,7.45,89.9,2.23,2.23,12.45,8.33
South Africa,2013,52800000,256000000000,233.39,228.81,17.85,5.35,5.35,755.0,7.8,89.6,2.34,2.34,12.8,8.92
South Africa,2014,53400000,268000000000,238.76,234.08,19.08,5.72,5.72,751.0,8.15,89.3,2.44,2.44,13.15,9.54
South Africa,2015,54000000,280000000000,244.13,239.34,20.34,6.1,6.1,747.0,8.5,89.0,2.55,2.55,13.5,10.17
South Africa,2016,54600000,292000000000,249.5,244.61,21.65,6.49,6.49,743.0,8.85,88.7,2.65,2.65,13.85,10.82
South Africa,2017,55200000,304000000000,254.87,249.88,22.99,6.9,6.9,739.0,9.2,88.4,2.76,2.76,14.2,11.49
South Africa,2018,55800000,316000000000,260.24,255.14,24.37,7.31,7.31,735.0,9.55,88.1,2.87,2.87,14.55,12.18
South Africa,2019,56400000,328000000000,265.61,260.41,25.78,7.73,7.73,731.0,9.9,87.8,2.97,2.97,14.9,12.89
South Africa,2020,57000000,340000000000,270.99,265.67,27.23,8.17,8.17,727.0,10.25,87.5,3.07,3.07,15.25,13.62
South Africa,2021,57600000,352000000000,276.36,270.94,28.72,8.62,8.62,723.0,10.6,87.2,3.18,3.18,15.6,14.36
South Africa,2022,58200000,364000000000,281.73,276.2,30.24,9.07,9.07,719.0,10.95,86.9,3.28,3.28,15.95,15.12
South Africa,2023,58800000,376000000000,287.1,281.47,31.81,9.54,9.54,715.0,11.3,86.6,3.39,3.39,16.3,15.9
South Africa,2024,59400000,388000000000,292.47,286.73,33.4,10.02,10.02,711.0,11.65,86.3,3.5,3.5,16.65,16.7
South Africa,2025,60000000,400000000000,297.84,292.0,35.04,10.51,10.51,707.0,12.0,86.0,3.6,3.6,17.0,17.52
Mexico,2000,96000000,450000000000,359.63,352.57,53.77,16.13,16.13,523.0,15.25,78.5,4.58,4.58,20.25,26.88
Mexico,2001,97280000,504000000000,371.43,364.15,56.81,17.04,17.04,519.0,15.6,78.2,4.68,4.68,20.6,28.4
Mexico,2002,98560000,558000000000,383.24,375.73,59.93,17.98,17.98,515.0,15.95,77.9,4.79,4.79,20.95,29.96
Mexico,2003,99840000,612000000000,395.05,387.3,63.13,18.94,18.94,511.0,16.3,77.6,4.89,4.89,21.3,31.57
Mexico,2004,101120000,666000000000,406.86,398.88,66.41,19.92,19.92,507.0,16.65,77.3,4.99,4.99,21.65,33.21
Mexico,2005,102400000,720000000000,418.67,410.46,69.78,20.93,20.93,503.0,17.0,77.0,5.1,5.1,22.0,34.89
Mexico,2006,103680000,774000000000,430.48,422.04,73.22,21.97,21.97,499.0,17.35,76.7,5.21,5.21,22.35,36.61
Mexico,2007,104960000,828000000000,442.29,433.61,76.75,23.02,23.02,495.0,17.7,76.4,5.31,5.31,22.7,38.37
Mexico,2008,106240000,882000000000,454.09,445.19,80.36,24.11,24.11,491.0,18.05,76.1,5.42,5.42,23.05,40.18
Mexico,2009,107520000,936000000000,465.9,456.77,84.05,25.21,25.21,487.0,18.4,75.8,5.52,5.52,23.4,42.02
Mexico,2010,108800000,990000000000,477.71,468.34,87.81,26.34,26.34,483.0,18.75,75.5,5.62,5.62,23.75,43.91
Mexico,2011,110080000,1044000000000,489.52,479.92,91.66,27.5,27.5,479.0,19.1,75.2,5.73,5.73,24.1,45.83
Mexico,2012,111360000,1098000000000,501.33,491.5,95.6,28.68,28.68,475.0,19.45,74.9,5.83,5.83,24.45,47.8
Mexico,2013,112640000,1152000000000,513.14,503.08,99.61,29.88,29.88,471.0,19.8,74.6,5.94,5.94,24.8,49.8
Mexico,2014,113920000,1206000000000,524.95,514.65,103.7,31.11,31.11,467.0,20.15,74.3,6.04,6.04,25.15,51.85
Mexico,2015,115200000,1260000000000,536.75,526.23,107.88,32.36,32.36,463.0,20.5,74.0,6.15,6.15,25.5,53.94
Mexico,2016,116480000,1314000000000,548.56,537.81,112.13,33.64,33.64,459.0,20.85,73.7,6.25,6.25,25.85,56.07
Mexico,2017,117760000,1368000000000,560.37,549.38,116.47,34.94,34.94,455.0,21.2,73.4,6.36,6.36,26.2,58.23
Mexico,2018,119040000,1422000000000,572.18,560.96,120.89,36.27,36.27,451.0,21.55,73.1,6.46,6.46,26.55,60.44
Mexico,2019,120320000,1476000000000,583.99,572.54,125.39,37.62,37.62,447.0,21.9,72.8,6.57,6.57,26.9,62.69
Mexico,2020,121600000,1530000000000,595.8,584.11,129.97,38.99,38.99,443.0,22.25,72.5,6.67,6.67,27.25,64.98
Mexico,2021,122880000,1584000000000,607.61,595.69,134.63,40.39,40.39,439.0,22.6,72.2,6.78,6.78,27.6,67.31
Mexico,2022,124160000,1638000000000,619.41,607.27,139.37,41.81,41.81,435.0,22.95,71.9,6.88,6.88,27.95,69.68
Mexico,2023,125440000,1692000000000,631.22,618.85,144.19,43.26,43.26,431.0,23.3,71.6,6.99,6.99,28.3,72.1
Mexico,2024,126720000,1746000000000,643.03,630.42,149.1,44.73,44.73,427.0,23.65,71.3,7.09,7.09,28.65,74.55
Mexico,2025,128000000,1800000000000,654.84,642.0,154.08,46.22,46.22,423.0,24.0,71.0,7.2,7.2,29.0,77.04
Sweden,2000,7500000,150000000000,74.5,73.04,45.47,13.64,13.64,142.0,62.25,9.5,18.68,18.68,67.25,22.73
Sweden,2001,7600000,168000000000,76.95,75.44,47.23,14.17,14.17,138.0,62.6,9.2,18.78,18.78,67.6,23.61
Sweden,2002,7700000,186000000000,79.39,77.84,49.0,14.7,14.7,134.0,62.95,8.9,18.89,18.89,67.95,24.5
Sweden,2003,7800000,204000000000,81.84,80.24,50.79,15.24,15.24,130.0,63.3,8.6,18.99,18.99,68.3,25.39
Sweden,2004,7900000,222000000000,84.29,82.63,52.6,15.78,15.78,126.0,63.65,8.3,19.09,19.09,68.65,26.3
Sweden,2005,8000000,240000000000,86.73,85.03,54.42,16.33,16.33,122.0,64.0,8.0,19.2,19.2,69.0,27.21
Sweden,2006,8100000,258000000000,89.18,87.43,56.26,16.88,16.88,118.0,64.35,7.7,19.3,19.3,69.35,28.13
Sweden,2007,8200000,276000000000,91.63,89.83,58.12,17.44,17.44,114.0,64.7,7.4,19.41,19.41,69.7,29.06
Sweden,2008,8300000,294000000000,94.07,92.23,59.99,18.0,18.0,110.0,65.05,7.1,19.51,19.51,70.05,30.0
Sweden,2009,8400000,312000000000,96.52,94.63,61.89,18.57,18.57,106.0,65.4,6.8,19.62,19.62,70.4,30.94
Sweden,2010,8500000,330000000000,98.97,97.02,63.79,19.14,19.14,102.0,65.75,6.5,19.72,19.72,70.75,31.9
Sweden,2011,8600000,348000000000,101.41,99.42,65.72,19.72,19.72,98.0,66.1,6.2,19.83,19.83,71.1,32.86
Sweden,2012,8700000,366000000000,103.86,101.82,67.66,20.3,20.3,94.0,66.45,5.9,19.93,19.93,71.45,33.83
Sweden,2013,8800000,384000000000,106.3,104.22,69.62,20.89,20.89,90.0,66.8,5.6,20.04,20.04,71.8,34.81
Sweden,2014,8900000,402000000000,108.75,106.62,71.59,21.48,21.48,86.0,67.15,5.3,20.14,20.14,72.15,35.8
Sweden,2015,9000000,420000000000,111.2,109.02,73.59,22.08,22.08,82.0,67.5,5.0,20.25,20.25,72.5,36.79
Sweden,2016,9100000,438000000000,113.64,111.41,75.59,22.68,22.68,78.0,67.85,4.7,20.35,20.35,72.85,37.8
Sweden,2017,9200000,456000000000,116.09,113.81,77.62,23.29,23.29,74.0,68.2,4.4,20.46,20.46,73.2,38.81
Sweden,2018,9300000,474000000000,118.54,116.21,79.66,23.9,23.9,70.0,68.55,4.1,20.56,20.56,73.55,39.83
Sweden,2019,9400000,492000000000,120.98,118.61,81.72,24.52,24.52,66.0,68.9,3.8,20.67,20.67,73.9,40.86
Sweden,2020,9500000,510000000000,123.43,121.01,83.8,25.14,25.14,62.0,69.25,3.5,20.77,20.77,74.25,41.9
Sweden,2021,9600000,528000000000,125.87,123.41,85.89,25.77,25.77,58.0,69.6,3.2,20.88,20.88,74.6,42.95
Sweden,2022,9700000,546000000000,128.32,125.8,88.0,26.4,26.4,54.0,69.95,2.9,20.98,20.98,74.95,44.0
Sweden,2023,9800000,564000000000,130.77,128.2,90.13,27.04,27.04,50.0,70.3,2.6,21.09,21.09,75.3,45.06
Sweden,2024,9900000,582000000000,133.21,130.6,92.27,27.68,27.68,46.0,70.65,2.3,21.2,21.2,75.65,46.14
Sweden,2025,10000000,600000000000,135.66,133.0,94.43,28.33,28.33,42.0,71.0,2.0,21.3,21.3,76.0,47.21
